{"cameraMode":{"drawMode":0,"name":"Shaded","section":"Shading Mode"},"sceneLighting":true,"audioPlay":false,"sceneViewState":{"m_AlwaysRefresh":false,"showFog":true,"showSkybox":true,"showFlares":true,"showImageEffects":true,"showParticleSystems":true,"showVisualEffectGraphs":true,"m_FxEnabled":true},"in2DMode":false,"pivot":{"x":-0.08845367282629013,"y":0.24361459910869599,"z":2.2653088569641115},"rotation":{"x":-0.28613919019699099,"y":0.48607337474823,"z":-0.17222490906715394,"w":-0.807599663734436},"size":1.1635335683822632,"orthographic":false}