{"cameraMode":{"drawMode":0,"name":"Shaded","section":"Shading Mode"},"sceneLighting":true,"audioPlay":false,"sceneViewState":{"m_AlwaysRefresh":false,"showFog":true,"showSkybox":true,"showFlares":true,"showImageEffects":true,"showParticleSystems":true,"showVisualEffectGraphs":true,"m_FxEnabled":true},"in2DMode":false,"pivot":{"x":-8.674284934997559,"y":2.3088696002960207,"z":5.654666423797607},"rotation":{"x":0.002954718191176653,"y":-0.07089869678020477,"z":-0.0048138899728655819,"w":-0.9980521202087402},"size":3.3255441188812258,"orthographic":false}