{"cameraMode":{"drawMode":0,"name":"Shaded","section":"Shading Mode"},"sceneLighting":true,"audioPlay":false,"sceneViewState":{"m_AlwaysRefresh":false,"showFog":true,"showSkybox":true,"showFlares":true,"showImageEffects":true,"showParticleSystems":true,"showVisualEffectGraphs":true,"m_FxEnabled":true},"in2DMode":false,"pivot":{"x":-28.797819137573243,"y":10.595854759216309,"z":-1.196739673614502},"rotation":{"x":-0.27040135860443118,"y":-0.6361252069473267,"z":0.25535646080970766,"w":-0.6762524247169495},"size":0.0016852085245773197,"orthographic":false}