{"cameraMode":{"drawMode":0,"name":"Shaded","section":"Shading Mode"},"sceneLighting":true,"audioPlay":false,"sceneViewState":{"m_AlwaysRefresh":false,"showFog":true,"showSkybox":true,"showFlares":true,"showImageEffects":true,"showParticleSystems":true,"showVisualEffectGraphs":true,"m_FxEnabled":true},"in2DMode":false,"pivot":{"x":-0.41233348846435549,"y":0.1733122169971466,"z":3.007627010345459},"rotation":{"x":-0.34396612644195559,"y":0.029004830867052079,"z":-0.010633569210767746,"w":-0.938481330871582},"size":1.4946902990341187,"orthographic":false}